Area,Code,Type,Date,Daily_Cases,Previous_Daily_Cases,Change_Daily_Cases,Cumulative_Cases,Previous_Cumul_Cases,Change_Cumul_Cases,Confirmed_Cases_Rate
South West,E12000009,Region,2020-06-03,4.0,,,7766,,,138.7
South East,E12000008,Region,2020-06-03,2.0,,,21823,,,238.9
London,E12000007,Region,2020-06-03,1.0,,,27063,,,303.8
East of England,E12000006,Region,2020-06-03,0.0,,,14351,,,231.4
West Midlands,E12000005,Region,2020-06-03,2.0,,,16349,,,277.1
East Midlands,E12000004,Region,2020-06-03,1.0,,,9306,,,193.7
Yorkshire and The Humber,E12000003,Region,2020-06-03,2.0,,,14501,,,264.6
North West,E12000002,Region,2020-06-03,1.0,,,25984,,,356.3
North East,E12000001,Region,2020-06-03,0.0,,,10314,,,388.0
South West,E12000009,Region,2020-06-02,15.0,,,7762,,,138.6
South East,E12000008,Region,2020-06-02,36.0,,,21821,,,238.9
London,E12000007,Region,2020-06-02,8.0,,,27062,,,303.8
East of England,E12000006,Region,2020-06-02,6.0,,,14351,,,231.4
West Midlands,E12000005,Region,2020-06-02,34.0,,,16347,,,277.0
East Midlands,E12000004,Region,2020-06-02,28.0,,,9305,,,193.7
Yorkshire and The Humber,E12000003,Region,2020-06-02,18.0,,,14499,,,264.6
North West,E12000002,Region,2020-06-02,42.0,,,25983,,,356.3
North East,E12000001,Region,2020-06-02,12.0,,,10314,,,388.0
South West,E12000009,Region,2020-06-01,22.0,,,7747,,,138.3
South East,E12000008,Region,2020-06-01,51.0,,,21785,,,238.5
London,E12000007,Region,2020-06-01,19.0,,,27054,,,303.7
East of England,E12000006,Region,2020-06-01,32.0,,,14345,,,231.3
West Midlands,E12000005,Region,2020-06-01,40.0,,,16313,,,276.5
East Midlands,E12000004,Region,2020-06-01,38.0,,,9277,,,193.1
Yorkshire and The Humber,E12000003,Region,2020-06-01,50.0,,,14481,,,264.3
North West,E12000002,Region,2020-06-01,86.0,,,25941,,,355.7
North East,E12000001,Region,2020-06-01,17.0,,,10302,,,387.6
South West,E12000009,Region,2020-05-31,23.0,,,7725,,,138.0
South East,E12000008,Region,2020-05-31,46.0,,,21734,,,238.0
London,E12000007,Region,2020-05-31,15.0,,,27035,,,303.5
East of England,E12000006,Region,2020-05-31,24.0,,,14313,,,230.8
West Midlands,E12000005,Region,2020-05-31,30.0,,,16273,,,275.8
East Midlands,E12000004,Region,2020-05-31,30.0,,,9239,,,192.3
Yorkshire and The Humber,E12000003,Region,2020-05-31,41.0,,,14431,,,263.4
North West,E12000002,Region,2020-05-31,59.0,,,25855,,,354.6
North East,E12000001,Region,2020-05-31,13.0,,,10285,,,387.0
South West,E12000009,Region,2020-05-30,17.0,,,7702,,,137.5
South East,E12000008,Region,2020-05-30,47.0,,,21688,,,237.5
London,E12000007,Region,2020-05-30,17.0,,,27020,,,303.3
East of England,E12000006,Region,2020-05-30,28.0,,,14289,,,230.4
West Midlands,E12000005,Region,2020-05-30,41.0,,,16243,,,275.3
East Midlands,E12000004,Region,2020-05-30,41.0,,,9209,,,191.7
Yorkshire and The Humber,E12000003,Region,2020-05-30,49.0,,,14390,,,262.6
North West,E12000002,Region,2020-05-30,76.0,,,25796,,,353.8
North East,E12000001,Region,2020-05-30,10.0,,,10272,,,386.5
South West,E12000009,Region,2020-05-29,24.0,,,7685,,,137.2
South East,E12000008,Region,2020-05-29,44.0,,,21641,,,236.9
London,E12000007,Region,2020-05-29,31.0,,,27003,,,303.1
East of England,E12000006,Region,2020-05-29,31.0,,,14261,,,230.0
West Midlands,E12000005,Region,2020-05-29,50.0,,,16202,,,274.6
East Midlands,E12000004,Region,2020-05-29,43.0,,,9168,,,190.8
Yorkshire and The Humber,E12000003,Region,2020-05-29,48.0,,,14341,,,261.7
North West,E12000002,Region,2020-05-29,102.0,,,25720,,,352.7
North East,E12000001,Region,2020-05-29,27.0,,,10262,,,386.1
South West,E12000009,Region,2020-05-28,34.0,,,7661,,,136.8
South East,E12000008,Region,2020-05-28,50.0,,,21597,,,236.5
London,E12000007,Region,2020-05-28,35.0,,,26972,,,302.8
East of England,E12000006,Region,2020-05-28,38.0,,,14230,,,229.5
West Midlands,E12000005,Region,2020-05-28,58.0,,,16152,,,273.7
East Midlands,E12000004,Region,2020-05-28,37.0,,,9125,,,189.9
Yorkshire and The Humber,E12000003,Region,2020-05-28,49.0,,,14293,,,260.8
North West,E12000002,Region,2020-05-28,93.0,,,25618,,,351.3
North East,E12000001,Region,2020-05-28,24.0,,,10235,,,385.1
South West,E12000009,Region,2020-05-27,31.0,,,7627,,,136.2
South East,E12000008,Region,2020-05-27,62.0,,,21547,,,235.9
London,E12000007,Region,2020-05-27,37.0,,,26937,,,302.4
East of England,E12000006,Region,2020-05-27,56.0,,,14192,,,228.9
West Midlands,E12000005,Region,2020-05-27,78.0,,,16094,,,272.7
East Midlands,E12000004,Region,2020-05-27,53.0,,,9088,,,189.2
Yorkshire and The Humber,E12000003,Region,2020-05-27,61.0,,,14244,,,259.9
North West,E12000002,Region,2020-05-27,98.0,,,25525,,,350.0
North East,E12000001,Region,2020-05-27,52.0,,,10211,,,384.2
South West,E12000009,Region,2020-05-26,24.0,,,7596,,,135.6
South East,E12000008,Region,2020-05-26,86.0,,,21485,,,235.2
London,E12000007,Region,2020-05-26,28.0,,,26900,,,302.0
East of England,E12000006,Region,2020-05-26,52.0,,,14136,,,228.0
West Midlands,E12000005,Region,2020-05-26,62.0,,,16016,,,271.4
East Midlands,E12000004,Region,2020-05-26,47.0,,,9035,,,188.1
Yorkshire and The Humber,E12000003,Region,2020-05-26,64.0,,,14183,,,258.8
North West,E12000002,Region,2020-05-26,117.0,,,25427,,,348.7
North East,E12000001,Region,2020-05-26,35.0,,,10159,,,382.2
South West,E12000009,Region,2020-05-25,21.0,,,7572,,,135.2
South East,E12000008,Region,2020-05-25,95.0,,,21399,,,234.3
London,E12000007,Region,2020-05-25,20.0,,,26872,,,301.7
East of England,E12000006,Region,2020-05-25,80.0,,,14084,,,227.1
West Midlands,E12000005,Region,2020-05-25,34.0,,,15954,,,270.4
East Midlands,E12000004,Region,2020-05-25,39.0,,,8988,,,187.1
Yorkshire and The Humber,E12000003,Region,2020-05-25,71.0,,,14119,,,257.7
North West,E12000002,Region,2020-05-25,104.0,,,25310,,,347.1
North East,E12000001,Region,2020-05-25,29.0,,,10124,,,380.9
South West,E12000009,Region,2020-05-24,12.0,,,7551,,,134.8
South East,E12000008,Region,2020-05-24,60.0,,,21304,,,233.2
London,E12000007,Region,2020-05-24,18.0,,,26852,,,301.4
East of England,E12000006,Region,2020-05-24,43.0,,,14004,,,225.8
West Midlands,E12000005,Region,2020-05-24,42.0,,,15920,,,269.8
East Midlands,E12000004,Region,2020-05-24,26.0,,,8949,,,186.3
Yorkshire and The Humber,E12000003,Region,2020-05-24,51.0,,,14048,,,256.4
North West,E12000002,Region,2020-05-24,90.0,,,25206,,,345.7
North East,E12000001,Region,2020-05-24,30.0,,,10095,,,379.8
South West,E12000009,Region,2020-05-23,18.0,,,7539,,,134.6
South East,E12000008,Region,2020-05-23,39.0,,,21244,,,232.6
London,E12000007,Region,2020-05-23,10.0,,,26834,,,301.2
East of England,E12000006,Region,2020-05-23,61.0,,,13961,,,225.1
West Midlands,E12000005,Region,2020-05-23,57.0,,,15878,,,269.1
East Midlands,E12000004,Region,2020-05-23,49.0,,,8923,,,185.7
Yorkshire and The Humber,E12000003,Region,2020-05-23,76.0,,,13997,,,255.4
North West,E12000002,Region,2020-05-23,104.0,,,25116,,,344.4
North East,E12000001,Region,2020-05-23,28.0,,,10065,,,378.7
South West,E12000009,Region,2020-05-22,26.0,,,7521,,,134.3
South East,E12000008,Region,2020-05-22,106.0,,,21205,,,232.2
London,E12000007,Region,2020-05-22,40.0,,,26824,,,301.1
East of England,E12000006,Region,2020-05-22,92.0,,,13900,,,224.1
West Midlands,E12000005,Region,2020-05-22,83.0,,,15821,,,268.1
East Midlands,E12000004,Region,2020-05-22,69.0,,,8874,,,184.7
Yorkshire and The Humber,E12000003,Region,2020-05-22,80.0,,,13921,,,254.1
North West,E12000002,Region,2020-05-22,141.0,,,25012,,,343.0
North East,E12000001,Region,2020-05-22,39.0,,,10037,,,377.6
South West,E12000009,Region,2020-05-21,22.0,,,7495,,,133.8
South East,E12000008,Region,2020-05-21,119.0,,,21099,,,231.0
London,E12000007,Region,2020-05-21,49.0,,,26784,,,300.7
East of England,E12000006,Region,2020-05-21,107.0,,,13808,,,222.7
West Midlands,E12000005,Region,2020-05-21,73.0,,,15738,,,266.7
East Midlands,E12000004,Region,2020-05-21,68.0,,,8805,,,183.3
Yorkshire and The Humber,E12000003,Region,2020-05-21,96.0,,,13841,,,252.6
North West,E12000002,Region,2020-05-21,135.0,,,24871,,,341.1
North East,E12000001,Region,2020-05-21,47.0,,,9998,,,376.2
South West,E12000009,Region,2020-05-20,52.0,,,7473,,,133.5
South East,E12000008,Region,2020-05-20,129.0,,,20980,,,229.7
London,E12000007,Region,2020-05-20,58.0,,,26735,,,300.1
East of England,E12000006,Region,2020-05-20,91.0,,,13701,,,220.9
West Midlands,E12000005,Region,2020-05-20,82.0,,,15665,,,265.5
East Midlands,E12000004,Region,2020-05-20,62.0,,,8737,,,181.9
Yorkshire and The Humber,E12000003,Region,2020-05-20,66.0,,,13745,,,250.8
North West,E12000002,Region,2020-05-20,199.0,,,24736,,,339.2
North East,E12000001,Region,2020-05-20,52.0,,,9951,,,374.4
South West,E12000009,Region,2020-05-19,34.0,,,7421,,,132.5
South East,E12000008,Region,2020-05-19,202.0,,,20851,,,228.3
London,E12000007,Region,2020-05-19,48.0,,,26677,,,299.5
East of England,E12000006,Region,2020-05-19,132.0,,,13610,,,219.5
West Midlands,E12000005,Region,2020-05-19,112.0,,,15583,,,264.1
East Midlands,E12000004,Region,2020-05-19,64.0,,,8675,,,180.6
Yorkshire and The Humber,E12000003,Region,2020-05-19,105.0,,,13679,,,249.6
North West,E12000002,Region,2020-05-19,239.0,,,24537,,,336.5
North East,E12000001,Region,2020-05-19,51.0,,,9899,,,372.4
South West,E12000009,Region,2020-05-18,41.0,,,7387,,,131.9
South East,E12000008,Region,2020-05-18,153.0,,,20649,,,226.1
London,E12000007,Region,2020-05-18,54.0,,,26629,,,298.9
East of England,E12000006,Region,2020-05-18,133.0,,,13478,,,217.3
West Midlands,E12000005,Region,2020-05-18,84.0,,,15471,,,262.2
East Midlands,E12000004,Region,2020-05-18,95.0,,,8611,,,179.2
Yorkshire and The Humber,E12000003,Region,2020-05-18,78.0,,,13574,,,247.7
North West,E12000002,Region,2020-05-18,196.0,,,24298,,,333.2
North East,E12000001,Region,2020-05-18,67.0,,,9848,,,370.5
South West,E12000009,Region,2020-05-17,25.0,,,7346,,,131.2
South East,E12000008,Region,2020-05-17,77.0,,,20496,,,224.4
London,E12000007,Region,2020-05-17,33.0,,,26575,,,298.3
East of England,E12000006,Region,2020-05-17,69.0,,,13345,,,215.2
West Midlands,E12000005,Region,2020-05-17,60.0,,,15387,,,260.8
East Midlands,E12000004,Region,2020-05-17,69.0,,,8516,,,177.3
Yorkshire and The Humber,E12000003,Region,2020-05-17,103.0,,,13496,,,246.3
North West,E12000002,Region,2020-05-17,151.0,,,24102,,,330.5
North East,E12000001,Region,2020-05-17,37.0,,,9781,,,368.0
South West,E12000009,Region,2020-05-16,28.0,,,7321,,,130.7
South East,E12000008,Region,2020-05-16,68.0,,,20419,,,223.6
London,E12000007,Region,2020-05-16,24.0,,,26542,,,298.0
East of England,E12000006,Region,2020-05-16,53.0,,,13276,,,214.1
West Midlands,E12000005,Region,2020-05-16,80.0,,,15327,,,259.7
East Midlands,E12000004,Region,2020-05-16,70.0,,,8447,,,175.8
Yorkshire and The Humber,E12000003,Region,2020-05-16,75.0,,,13393,,,244.4
North West,E12000002,Region,2020-05-16,179.0,,,23951,,,328.5
North East,E12000001,Region,2020-05-16,45.0,,,9744,,,366.6
South West,E12000009,Region,2020-05-15,27.0,,,7293,,,130.2
South East,E12000008,Region,2020-05-15,118.0,,,20351,,,222.8
London,E12000007,Region,2020-05-15,58.0,,,26518,,,297.7
East of England,E12000006,Region,2020-05-15,99.0,,,13223,,,213.2
West Midlands,E12000005,Region,2020-05-15,119.0,,,15247,,,258.4
East Midlands,E12000004,Region,2020-05-15,86.0,,,8377,,,174.4
Yorkshire and The Humber,E12000003,Region,2020-05-15,135.0,,,13318,,,243.0
North West,E12000002,Region,2020-05-15,173.0,,,23772,,,326.0
North East,E12000001,Region,2020-05-15,53.0,,,9699,,,364.9
South West,E12000009,Region,2020-05-14,35.0,,,7266,,,129.8
South East,E12000008,Region,2020-05-14,129.0,,,20233,,,221.5
London,E12000007,Region,2020-05-14,86.0,,,26460,,,297.0
East of England,E12000006,Region,2020-05-14,66.0,,,13124,,,211.6
West Midlands,E12000005,Region,2020-05-14,93.0,,,15128,,,256.4
East Midlands,E12000004,Region,2020-05-14,64.0,,,8291,,,172.6
Yorkshire and The Humber,E12000003,Region,2020-05-14,161.0,,,13183,,,240.6
North West,E12000002,Region,2020-05-14,170.0,,,23599,,,323.6
North East,E12000001,Region,2020-05-14,57.0,,,9646,,,362.9
South West,E12000009,Region,2020-05-13,34.0,,,7231,,,129.1
South East,E12000008,Region,2020-05-13,174.0,,,20104,,,220.1
London,E12000007,Region,2020-05-13,85.0,,,26374,,,296.1
East of England,E12000006,Region,2020-05-13,125.0,,,13058,,,210.6
West Midlands,E12000005,Region,2020-05-13,92.0,,,15035,,,254.8
East Midlands,E12000004,Region,2020-05-13,108.0,,,8227,,,171.2
Yorkshire and The Humber,E12000003,Region,2020-05-13,135.0,,,13022,,,237.6
North West,E12000002,Region,2020-05-13,190.0,,,23429,,,321.3
North East,E12000001,Region,2020-05-13,62.0,,,9589,,,360.8
South West,E12000009,Region,2020-05-12,25.0,,,7197,,,128.5
South East,E12000008,Region,2020-05-12,162.0,,,19930,,,218.2
London,E12000007,Region,2020-05-12,77.0,,,26289,,,295.1
East of England,E12000006,Region,2020-05-12,124.0,,,12933,,,208.6
West Midlands,E12000005,Region,2020-05-12,127.0,,,14943,,,253.2
East Midlands,E12000004,Region,2020-05-12,96.0,,,8119,,,169.0
Yorkshire and The Humber,E12000003,Region,2020-05-12,144.0,,,12887,,,235.2
North West,E12000002,Region,2020-05-12,200.0,,,23239,,,318.7
North East,E12000001,Region,2020-05-12,90.0,,,9527,,,358.4
South West,E12000009,Region,2020-05-11,57.0,,,7172,,,128.1
South East,E12000008,Region,2020-05-11,176.0,,,19768,,,216.4
London,E12000007,Region,2020-05-11,72.0,,,26212,,,294.2
East of England,E12000006,Region,2020-05-11,154.0,,,12809,,,206.6
West Midlands,E12000005,Region,2020-05-11,130.0,,,14816,,,251.1
East Midlands,E12000004,Region,2020-05-11,103.0,,,8023,,,167.0
Yorkshire and The Humber,E12000003,Region,2020-05-11,162.0,,,12743,,,232.6
North West,E12000002,Region,2020-05-11,256.0,,,23039,,,315.9
North East,E12000001,Region,2020-05-11,84.0,,,9437,,,355.1
South West,E12000009,Region,2020-05-10,46.0,,,7115,,,127.1
South East,E12000008,Region,2020-05-10,119.0,,,19592,,,214.5
London,E12000007,Region,2020-05-10,37.0,,,26140,,,293.4
East of England,E12000006,Region,2020-05-10,64.0,,,12655,,,204.1
West Midlands,E12000005,Region,2020-05-10,77.0,,,14686,,,248.9
East Midlands,E12000004,Region,2020-05-10,71.0,,,7920,,,164.9
Yorkshire and The Humber,E12000003,Region,2020-05-10,99.0,,,12581,,,229.6
North West,E12000002,Region,2020-05-10,128.0,,,22783,,,312.4
North East,E12000001,Region,2020-05-10,67.0,,,9353,,,351.9
South West,E12000009,Region,2020-05-09,44.0,,,7069,,,126.2
South East,E12000008,Region,2020-05-09,115.0,,,19473,,,213.2
London,E12000007,Region,2020-05-09,60.0,,,26103,,,293.0
East of England,E12000006,Region,2020-05-09,84.0,,,12591,,,203.0
West Midlands,E12000005,Region,2020-05-09,99.0,,,14609,,,247.6
East Midlands,E12000004,Region,2020-05-09,77.0,,,7849,,,163.4
Yorkshire and The Humber,E12000003,Region,2020-05-09,116.0,,,12482,,,227.8
North West,E12000002,Region,2020-05-09,167.0,,,22655,,,310.7
North East,E12000001,Region,2020-05-09,101.0,,,9286,,,349.4
South West,E12000009,Region,2020-05-08,42.0,,,7025,,,125.5
South East,E12000008,Region,2020-05-08,122.0,,,19358,,,211.9
London,E12000007,Region,2020-05-08,94.0,,,26043,,,292.4
East of England,E12000006,Region,2020-05-08,93.0,,,12507,,,201.7
West Midlands,E12000005,Region,2020-05-08,179.0,,,14510,,,245.9
East Midlands,E12000004,Region,2020-05-08,73.0,,,7772,,,161.8
Yorkshire and The Humber,E12000003,Region,2020-05-08,119.0,,,12366,,,225.7
North West,E12000002,Region,2020-05-08,176.0,,,22488,,,308.4
North East,E12000001,Region,2020-05-08,80.0,,,9185,,,345.6
South West,E12000009,Region,2020-05-07,64.0,,,6983,,,124.7
South East,E12000008,Region,2020-05-07,153.0,,,19236,,,210.6
London,E12000007,Region,2020-05-07,142.0,,,25949,,,291.3
East of England,E12000006,Region,2020-05-07,197.0,,,12414,,,200.2
West Midlands,E12000005,Region,2020-05-07,159.0,,,14331,,,242.9
East Midlands,E12000004,Region,2020-05-07,142.0,,,7699,,,160.3
Yorkshire and The Humber,E12000003,Region,2020-05-07,164.0,,,12247,,,223.5
North West,E12000002,Region,2020-05-07,212.0,,,22312,,,306.0
North East,E12000001,Region,2020-05-07,120.0,,,9105,,,342.6
South West,E12000009,Region,2020-05-06,67.0,,,6919,,,123.6
South East,E12000008,Region,2020-05-06,182.0,,,19083,,,208.9
London,E12000007,Region,2020-05-06,143.0,,,25807,,,289.7
East of England,E12000006,Region,2020-05-06,158.0,,,12217,,,197.0
West Midlands,E12000005,Region,2020-05-06,154.0,,,14172,,,240.2
East Midlands,E12000004,Region,2020-05-06,100.0,,,7557,,,157.3
Yorkshire and The Humber,E12000003,Region,2020-05-06,187.0,,,12083,,,220.5
North West,E12000002,Region,2020-05-06,240.0,,,22100,,,303.1
North East,E12000001,Region,2020-05-06,132.0,,,8985,,,338.0
South West,E12000009,Region,2020-05-05,67.0,,,6852,,,122.4
South East,E12000008,Region,2020-05-05,233.0,,,18901,,,206.9
London,E12000007,Region,2020-05-05,134.0,,,25664,,,288.1
East of England,E12000006,Region,2020-05-05,165.0,,,12059,,,194.5
West Midlands,E12000005,Region,2020-05-05,217.0,,,14018,,,237.6
East Midlands,E12000004,Region,2020-05-05,79.0,,,7457,,,155.2
Yorkshire and The Humber,E12000003,Region,2020-05-05,213.0,,,11896,,,217.1
North West,E12000002,Region,2020-05-05,289.0,,,21860,,,299.8
North East,E12000001,Region,2020-05-05,144.0,,,8853,,,333.1
South West,E12000009,Region,2020-05-04,74.0,,,6785,,,121.2
South East,E12000008,Region,2020-05-04,208.0,,,18668,,,204.4
London,E12000007,Region,2020-05-04,150.0,,,25530,,,286.6
East of England,E12000006,Region,2020-05-04,241.0,,,11894,,,191.8
West Midlands,E12000005,Region,2020-05-04,149.0,,,13801,,,233.9
East Midlands,E12000004,Region,2020-05-04,103.0,,,7378,,,153.6
Yorkshire and The Humber,E12000003,Region,2020-05-04,187.0,,,11683,,,213.2
North West,E12000002,Region,2020-05-04,264.0,,,21571,,,295.8
North East,E12000001,Region,2020-05-04,182.0,,,8709,,,327.7
South West,E12000009,Region,2020-05-03,74.0,,,6711,,,119.8
South East,E12000008,Region,2020-05-03,131.0,,,18460,,,202.1
London,E12000007,Region,2020-05-03,64.0,,,25380,,,284.9
East of England,E12000006,Region,2020-05-03,122.0,,,11653,,,187.9
West Midlands,E12000005,Region,2020-05-03,110.0,,,13652,,,231.4
East Midlands,E12000004,Region,2020-05-03,34.0,,,7275,,,151.4
Yorkshire and The Humber,E12000003,Region,2020-05-03,161.0,,,11496,,,209.8
North West,E12000002,Region,2020-05-03,186.0,,,21307,,,292.2
North East,E12000001,Region,2020-05-03,67.0,,,8527,,,320.8
South West,E12000009,Region,2020-05-02,66.0,,,6637,,,118.5
South East,E12000008,Region,2020-05-02,176.0,,,18329,,,200.7
London,E12000007,Region,2020-05-02,127.0,,,25316,,,284.2
East of England,E12000006,Region,2020-05-02,135.0,,,11531,,,185.9
West Midlands,E12000005,Region,2020-05-02,183.0,,,13542,,,229.5
East Midlands,E12000004,Region,2020-05-02,57.0,,,7241,,,150.7
Yorkshire and The Humber,E12000003,Region,2020-05-02,176.0,,,11335,,,206.9
North West,E12000002,Region,2020-05-02,195.0,,,21121,,,289.6
North East,E12000001,Region,2020-05-02,77.0,,,8460,,,318.3
South West,E12000009,Region,2020-05-01,113.0,,,6571,,,117.3
South East,E12000008,Region,2020-05-01,245.0,,,18153,,,198.7
London,E12000007,Region,2020-05-01,196.0,,,25189,,,282.8
East of England,E12000006,Region,2020-05-01,266.0,,,11396,,,183.8
West Midlands,E12000005,Region,2020-05-01,216.0,,,13359,,,226.4
East Midlands,E12000004,Region,2020-05-01,93.0,,,7184,,,149.5
Yorkshire and The Humber,E12000003,Region,2020-05-01,250.0,,,11159,,,203.6
North West,E12000002,Region,2020-05-01,342.0,,,20926,,,287.0
North East,E12000001,Region,2020-05-01,160.0,,,8383,,,315.4
South West,E12000009,Region,2020-04-30,81.0,,,6458,,,115.3
South East,E12000008,Region,2020-04-30,296.0,,,17908,,,196.1
London,E12000007,Region,2020-04-30,255.0,,,24993,,,280.6
East of England,E12000006,Region,2020-04-30,216.0,,,11130,,,179.5
West Midlands,E12000005,Region,2020-04-30,204.0,,,13143,,,222.7
East Midlands,E12000004,Region,2020-04-30,87.0,,,7091,,,147.6
Yorkshire and The Humber,E12000003,Region,2020-04-30,285.0,,,10909,,,199.1
North West,E12000002,Region,2020-04-30,384.0,,,20584,,,282.3
North East,E12000001,Region,2020-04-30,233.0,,,8223,,,309.4
South West,E12000009,Region,2020-04-29,130.0,,,6377,,,113.9
South East,E12000008,Region,2020-04-29,299.0,,,17612,,,192.8
London,E12000007,Region,2020-04-29,250.0,,,24738,,,277.7
East of England,E12000006,Region,2020-04-29,237.0,,,10914,,,176.0
West Midlands,E12000005,Region,2020-04-29,238.0,,,12939,,,219.3
East Midlands,E12000004,Region,2020-04-29,134.0,,,7004,,,145.8
Yorkshire and The Humber,E12000003,Region,2020-04-29,337.0,,,10624,,,193.9
North West,E12000002,Region,2020-04-29,401.0,,,20200,,,277.0
North East,E12000001,Region,2020-04-29,214.0,,,7990,,,300.6
South West,E12000009,Region,2020-04-28,113.0,,,6247,,,111.6
South East,E12000008,Region,2020-04-28,344.0,,,17313,,,189.6
London,E12000007,Region,2020-04-28,180.0,,,24488,,,274.9
East of England,E12000006,Region,2020-04-28,235.0,,,10677,,,172.2
West Midlands,E12000005,Region,2020-04-28,265.0,,,12701,,,215.2
East Midlands,E12000004,Region,2020-04-28,140.0,,,6870,,,143.0
Yorkshire and The Humber,E12000003,Region,2020-04-28,246.0,,,10287,,,187.7
North West,E12000002,Region,2020-04-28,408.0,,,19799,,,271.5
North East,E12000001,Region,2020-04-28,225.0,,,7776,,,292.6
South West,E12000009,Region,2020-04-27,126.0,,,6134,,,109.5
South East,E12000008,Region,2020-04-27,260.0,,,16969,,,185.8
London,E12000007,Region,2020-04-27,189.0,,,24308,,,272.9
East of England,E12000006,Region,2020-04-27,267.0,,,10442,,,168.4
West Midlands,E12000005,Region,2020-04-27,248.0,,,12436,,,210.8
East Midlands,E12000004,Region,2020-04-27,167.0,,,6730,,,140.1
Yorkshire and The Humber,E12000003,Region,2020-04-27,316.0,,,10041,,,183.2
North West,E12000002,Region,2020-04-27,379.0,,,19391,,,265.9
North East,E12000001,Region,2020-04-27,201.0,,,7551,,,284.1
South West,E12000009,Region,2020-04-26,58.0,,,6008,,,107.3
South East,E12000008,Region,2020-04-26,212.0,,,16709,,,182.9
London,E12000007,Region,2020-04-26,91.0,,,24119,,,270.8
East of England,E12000006,Region,2020-04-26,155.0,,,10175,,,164.1
West Midlands,E12000005,Region,2020-04-26,187.0,,,12188,,,206.5
East Midlands,E12000004,Region,2020-04-26,118.0,,,6563,,,136.6
Yorkshire and The Humber,E12000003,Region,2020-04-26,218.0,,,9725,,,177.5
North West,E12000002,Region,2020-04-26,247.0,,,19012,,,260.7
North East,E12000001,Region,2020-04-26,85.0,,,7350,,,276.5
South West,E12000009,Region,2020-04-25,89.0,,,5950,,,106.3
South East,E12000008,Region,2020-04-25,269.0,,,16497,,,180.6
London,E12000007,Region,2020-04-25,160.0,,,24028,,,269.7
East of England,E12000006,Region,2020-04-25,226.0,,,10020,,,161.6
West Midlands,E12000005,Region,2020-04-25,228.0,,,12001,,,203.4
East Midlands,E12000004,Region,2020-04-25,111.0,,,6445,,,134.2
Yorkshire and The Humber,E12000003,Region,2020-04-25,235.0,,,9507,,,173.5
North West,E12000002,Region,2020-04-25,302.0,,,18765,,,257.3
North East,E12000001,Region,2020-04-25,124.0,,,7265,,,273.3
South West,E12000009,Region,2020-04-24,122.0,,,5861,,,104.7
South East,E12000008,Region,2020-04-24,398.0,,,16228,,,177.7
London,E12000007,Region,2020-04-24,247.0,,,23868,,,267.9
East of England,E12000006,Region,2020-04-24,286.0,,,9794,,,157.9
West Midlands,E12000005,Region,2020-04-24,341.0,,,11773,,,199.5
East Midlands,E12000004,Region,2020-04-24,162.0,,,6334,,,131.8
Yorkshire and The Humber,E12000003,Region,2020-04-24,391.0,,,9272,,,169.2
North West,E12000002,Region,2020-04-24,450.0,,,18463,,,253.2
North East,E12000001,Region,2020-04-24,217.0,,,7141,,,268.7
South West,E12000009,Region,2020-04-23,176.0,,,5739,,,102.5
South East,E12000008,Region,2020-04-23,380.0,,,15830,,,173.3
London,E12000007,Region,2020-04-23,318.0,,,23621,,,265.2
East of England,E12000006,Region,2020-04-23,292.0,,,9508,,,153.3
West Midlands,E12000005,Region,2020-04-23,323.0,,,11432,,,193.7
East Midlands,E12000004,Region,2020-04-23,142.0,,,6172,,,128.5
Yorkshire and The Humber,E12000003,Region,2020-04-23,276.0,,,8881,,,162.1
North West,E12000002,Region,2020-04-23,502.0,,,18013,,,247.0
North East,E12000001,Region,2020-04-23,219.0,,,6924,,,260.5
South West,E12000009,Region,2020-04-22,152.0,,,5563,,,99.3
South East,E12000008,Region,2020-04-22,439.0,,,15450,,,169.2
London,E12000007,Region,2020-04-22,275.0,,,23303,,,261.6
East of England,E12000006,Region,2020-04-22,298.0,,,9216,,,148.6
West Midlands,E12000005,Region,2020-04-22,318.0,,,11109,,,188.3
East Midlands,E12000004,Region,2020-04-22,141.0,,,6030,,,125.5
Yorkshire and The Humber,E12000003,Region,2020-04-22,320.0,,,8605,,,157.0
North West,E12000002,Region,2020-04-22,485.0,,,17511,,,240.1
North East,E12000001,Region,2020-04-22,204.0,,,6705,,,252.3
South West,E12000009,Region,2020-04-21,173.0,,,5411,,,96.6
South East,E12000008,Region,2020-04-21,468.0,,,15011,,,164.3
London,E12000007,Region,2020-04-21,341.0,,,23028,,,258.5
East of England,E12000006,Region,2020-04-21,296.0,,,8918,,,143.8
West Midlands,E12000005,Region,2020-04-21,344.0,,,10791,,,182.9
East Midlands,E12000004,Region,2020-04-21,146.0,,,5889,,,122.6
Yorkshire and The Humber,E12000003,Region,2020-04-21,294.0,,,8285,,,151.2
North West,E12000002,Region,2020-04-21,550.0,,,17026,,,233.5
North East,E12000001,Region,2020-04-21,234.0,,,6501,,,244.6
South West,E12000009,Region,2020-04-20,173.0,,,5238,,,93.5
South East,E12000008,Region,2020-04-20,454.0,,,14543,,,159.2
London,E12000007,Region,2020-04-20,376.0,,,22687,,,254.7
East of England,E12000006,Region,2020-04-20,288.0,,,8622,,,139.0
West Midlands,E12000005,Region,2020-04-20,344.0,,,10447,,,177.0
East Midlands,E12000004,Region,2020-04-20,173.0,,,5743,,,119.5
Yorkshire and The Humber,E12000003,Region,2020-04-20,320.0,,,7991,,,145.8
North West,E12000002,Region,2020-04-20,514.0,,,16476,,,225.9
North East,E12000001,Region,2020-04-20,259.0,,,6267,,,235.8
South West,E12000009,Region,2020-04-19,154.0,,,5065,,,90.5
South East,E12000008,Region,2020-04-19,301.0,,,14089,,,154.3
London,E12000007,Region,2020-04-19,246.0,,,22311,,,250.5
East of England,E12000006,Region,2020-04-19,178.0,,,8334,,,134.4
West Midlands,E12000005,Region,2020-04-19,229.0,,,10103,,,171.2
East Midlands,E12000004,Region,2020-04-19,153.0,,,5570,,,115.9
Yorkshire and The Humber,E12000003,Region,2020-04-19,216.0,,,7671,,,140.0
North West,E12000002,Region,2020-04-19,370.0,,,15962,,,218.9
North East,E12000001,Region,2020-04-19,160.0,,,6008,,,226.0
South West,E12000009,Region,2020-04-18,145.0,,,4911,,,87.7
South East,E12000008,Region,2020-04-18,396.0,,,13788,,,151.0
London,E12000007,Region,2020-04-18,306.0,,,22065,,,247.7
East of England,E12000006,Region,2020-04-18,248.0,,,8156,,,131.5
West Midlands,E12000005,Region,2020-04-18,318.0,,,9874,,,167.3
East Midlands,E12000004,Region,2020-04-18,96.0,,,5417,,,112.8
Yorkshire and The Humber,E12000003,Region,2020-04-18,262.0,,,7455,,,136.0
North West,E12000002,Region,2020-04-18,441.0,,,15592,,,213.8
North East,E12000001,Region,2020-04-18,230.0,,,5848,,,220.0
South West,E12000009,Region,2020-04-17,215.0,,,4766,,,85.1
South East,E12000008,Region,2020-04-17,628.0,,,13392,,,146.6
London,E12000007,Region,2020-04-17,425.0,,,21759,,,244.3
East of England,E12000006,Region,2020-04-17,284.0,,,7908,,,127.5
West Midlands,E12000005,Region,2020-04-17,376.0,,,9556,,,161.9
East Midlands,E12000004,Region,2020-04-17,192.0,,,5321,,,110.8
Yorkshire and The Humber,E12000003,Region,2020-04-17,294.0,,,7193,,,131.3
North West,E12000002,Region,2020-04-17,576.0,,,15151,,,207.8
North East,E12000001,Region,2020-04-17,219.0,,,5618,,,211.4
South West,E12000009,Region,2020-04-16,238.0,,,4551,,,81.3
South East,E12000008,Region,2020-04-16,612.0,,,12764,,,139.7
London,E12000007,Region,2020-04-16,489.0,,,21334,,,239.5
East of England,E12000006,Region,2020-04-16,292.0,,,7624,,,122.9
West Midlands,E12000005,Region,2020-04-16,363.0,,,9180,,,155.6
East Midlands,E12000004,Region,2020-04-16,201.0,,,5129,,,106.8
Yorkshire and The Humber,E12000003,Region,2020-04-16,270.0,,,6899,,,125.9
North West,E12000002,Region,2020-04-16,582.0,,,14575,,,199.9
North East,E12000001,Region,2020-04-16,199.0,,,5399,,,203.1
South West,E12000009,Region,2020-04-15,210.0,,,4313,,,77.0
South East,E12000008,Region,2020-04-15,638.0,,,12152,,,133.0
London,E12000007,Region,2020-04-15,554.0,,,20845,,,234.0
East of England,E12000006,Region,2020-04-15,266.0,,,7332,,,118.2
West Midlands,E12000005,Region,2020-04-15,343.0,,,8817,,,149.4
East Midlands,E12000004,Region,2020-04-15,174.0,,,4928,,,102.6
Yorkshire and The Humber,E12000003,Region,2020-04-15,386.0,,,6629,,,121.0
North West,E12000002,Region,2020-04-15,585.0,,,13993,,,191.9
North East,E12000001,Region,2020-04-15,225.0,,,5200,,,195.6
South West,E12000009,Region,2020-04-14,185.0,,,4103,,,73.3
South East,E12000008,Region,2020-04-14,507.0,,,11514,,,126.1
London,E12000007,Region,2020-04-14,556.0,,,20291,,,227.8
East of England,E12000006,Region,2020-04-14,283.0,,,7066,,,113.9
West Midlands,E12000005,Region,2020-04-14,317.0,,,8474,,,143.6
East Midlands,E12000004,Region,2020-04-14,191.0,,,4754,,,99.0
Yorkshire and The Humber,E12000003,Region,2020-04-14,298.0,,,6243,,,113.9
North West,E12000002,Region,2020-04-14,633.0,,,13408,,,183.9
North East,E12000001,Region,2020-04-14,257.0,,,4975,,,187.2
South West,E12000009,Region,2020-04-13,192.0,,,3918,,,70.0
South East,E12000008,Region,2020-04-13,547.0,,,11007,,,120.5
London,E12000007,Region,2020-04-13,566.0,,,19735,,,221.5
East of England,E12000006,Region,2020-04-13,287.0,,,6783,,,109.4
West Midlands,E12000005,Region,2020-04-13,273.0,,,8157,,,138.2
East Midlands,E12000004,Region,2020-04-13,136.0,,,4563,,,95.0
Yorkshire and The Humber,E12000003,Region,2020-04-13,311.0,,,5945,,,108.5
North West,E12000002,Region,2020-04-13,608.0,,,12775,,,175.2
North East,E12000001,Region,2020-04-13,232.0,,,4718,,,177.5
South West,E12000009,Region,2020-04-12,178.0,,,3726,,,66.5
South East,E12000008,Region,2020-04-12,443.0,,,10460,,,114.5
London,E12000007,Region,2020-04-12,414.0,,,19169,,,215.2
East of England,E12000006,Region,2020-04-12,242.0,,,6496,,,104.8
West Midlands,E12000005,Region,2020-04-12,236.0,,,7884,,,133.6
East Midlands,E12000004,Region,2020-04-12,147.0,,,4427,,,92.1
Yorkshire and The Humber,E12000003,Region,2020-04-12,249.0,,,5634,,,102.8
North West,E12000002,Region,2020-04-12,486.0,,,12167,,,166.9
North East,E12000001,Region,2020-04-12,201.0,,,4486,,,168.8
South West,E12000009,Region,2020-04-11,173.0,,,3548,,,63.4
South East,E12000008,Region,2020-04-11,378.0,,,10017,,,109.7
London,E12000007,Region,2020-04-11,492.0,,,18755,,,210.5
East of England,E12000006,Region,2020-04-11,260.0,,,6254,,,100.9
West Midlands,E12000005,Region,2020-04-11,239.0,,,7648,,,129.6
East Midlands,E12000004,Region,2020-04-11,168.0,,,4280,,,89.1
Yorkshire and The Humber,E12000003,Region,2020-04-11,240.0,,,5385,,,98.3
North West,E12000002,Region,2020-04-11,611.0,,,11681,,,160.2
North East,E12000001,Region,2020-04-11,267.0,,,4285,,,161.2
South West,E12000009,Region,2020-04-10,234.0,,,3375,,,60.3
South East,E12000008,Region,2020-04-10,568.0,,,9639,,,105.5
London,E12000007,Region,2020-04-10,573.0,,,18263,,,205.0
East of England,E12000006,Region,2020-04-10,312.0,,,5994,,,96.7
West Midlands,E12000005,Region,2020-04-10,353.0,,,7409,,,125.6
East Midlands,E12000004,Region,2020-04-10,173.0,,,4112,,,85.6
Yorkshire and The Humber,E12000003,Region,2020-04-10,288.0,,,5145,,,93.9
North West,E12000002,Region,2020-04-10,602.0,,,11070,,,151.8
North East,E12000001,Region,2020-04-10,245.0,,,4018,,,151.2
South West,E12000009,Region,2020-04-09,245.0,,,3141,,,56.1
South East,E12000008,Region,2020-04-09,516.0,,,9071,,,99.3
London,E12000007,Region,2020-04-09,769.0,,,17690,,,198.6
East of England,E12000006,Region,2020-04-09,318.0,,,5682,,,91.6
West Midlands,E12000005,Region,2020-04-09,341.0,,,7056,,,119.6
East Midlands,E12000004,Region,2020-04-09,232.0,,,3939,,,82.0
Yorkshire and The Humber,E12000003,Region,2020-04-09,298.0,,,4857,,,88.6
North West,E12000002,Region,2020-04-09,804.0,,,10468,,,143.6
North East,E12000001,Region,2020-04-09,314.0,,,3773,,,142.0
South West,E12000009,Region,2020-04-08,235.0,,,2896,,,51.7
South East,E12000008,Region,2020-04-08,553.0,,,8555,,,93.7
London,E12000007,Region,2020-04-08,832.0,,,16921,,,190.0
East of England,E12000006,Region,2020-04-08,397.0,,,5364,,,86.5
West Midlands,E12000005,Region,2020-04-08,353.0,,,6715,,,113.8
East Midlands,E12000004,Region,2020-04-08,189.0,,,3707,,,77.2
Yorkshire and The Humber,E12000003,Region,2020-04-08,320.0,,,4559,,,83.2
North West,E12000002,Region,2020-04-08,853.0,,,9664,,,132.5
North East,E12000001,Region,2020-04-08,291.0,,,3459,,,130.1
South West,E12000009,Region,2020-04-07,213.0,,,2661,,,47.5
South East,E12000008,Region,2020-04-07,715.0,,,8002,,,87.6
London,E12000007,Region,2020-04-07,904.0,,,16089,,,180.6
East of England,E12000006,Region,2020-04-07,378.0,,,4967,,,80.1
West Midlands,E12000005,Region,2020-04-07,371.0,,,6362,,,107.8
East Midlands,E12000004,Region,2020-04-07,203.0,,,3518,,,73.2
Yorkshire and The Humber,E12000003,Region,2020-04-07,336.0,,,4239,,,77.4
North West,E12000002,Region,2020-04-07,792.0,,,8811,,,120.8
North East,E12000001,Region,2020-04-07,351.0,,,3168,,,119.2
South West,E12000009,Region,2020-04-06,184.0,,,2448,,,43.7
South East,E12000008,Region,2020-04-06,591.0,,,7287,,,79.8
London,E12000007,Region,2020-04-06,836.0,,,15185,,,170.5
East of England,E12000006,Region,2020-04-06,383.0,,,4589,,,74.0
West Midlands,E12000005,Region,2020-04-06,331.0,,,5991,,,101.5
East Midlands,E12000004,Region,2020-04-06,213.0,,,3315,,,69.0
Yorkshire and The Humber,E12000003,Region,2020-04-06,321.0,,,3903,,,71.2
North West,E12000002,Region,2020-04-06,871.0,,,8019,,,110.0
North East,E12000001,Region,2020-04-06,375.0,,,2817,,,106.0
South West,E12000009,Region,2020-04-05,153.0,,,2264,,,40.4
South East,E12000008,Region,2020-04-05,422.0,,,6696,,,73.3
London,E12000007,Region,2020-04-05,603.0,,,14349,,,161.1
East of England,E12000006,Region,2020-04-05,281.0,,,4206,,,67.8
West Midlands,E12000005,Region,2020-04-05,268.0,,,5660,,,95.9
East Midlands,E12000004,Region,2020-04-05,148.0,,,3102,,,64.6
Yorkshire and The Humber,E12000003,Region,2020-04-05,219.0,,,3582,,,65.4
North West,E12000002,Region,2020-04-05,624.0,,,7148,,,98.0
North East,E12000001,Region,2020-04-05,221.0,,,2442,,,91.9
South West,E12000009,Region,2020-04-04,174.0,,,2111,,,37.7
South East,E12000008,Region,2020-04-04,456.0,,,6274,,,68.7
London,E12000007,Region,2020-04-04,717.0,,,13746,,,154.3
East of England,E12000006,Region,2020-04-04,263.0,,,3925,,,63.3
West Midlands,E12000005,Region,2020-04-04,333.0,,,5392,,,91.4
East Midlands,E12000004,Region,2020-04-04,189.0,,,2954,,,61.5
Yorkshire and The Humber,E12000003,Region,2020-04-04,203.0,,,3363,,,61.4
North West,E12000002,Region,2020-04-04,605.0,,,6524,,,89.5
North East,E12000001,Region,2020-04-04,254.0,,,2221,,,83.6
South West,E12000009,Region,2020-04-03,186.0,,,1937,,,34.6
South East,E12000008,Region,2020-04-03,515.0,,,5818,,,63.7
London,E12000007,Region,2020-04-03,935.0,,,13029,,,146.3
East of England,E12000006,Region,2020-04-03,346.0,,,3662,,,59.1
West Midlands,E12000005,Region,2020-04-03,373.0,,,5059,,,85.7
East Midlands,E12000004,Region,2020-04-03,259.0,,,2765,,,57.6
Yorkshire and The Humber,E12000003,Region,2020-04-03,293.0,,,3160,,,57.7
North West,E12000002,Region,2020-04-03,682.0,,,5919,,,81.2
North East,E12000001,Region,2020-04-03,261.0,,,1967,,,74.0
South West,E12000009,Region,2020-04-02,183.0,,,1751,,,31.3
South East,E12000008,Region,2020-04-02,479.0,,,5303,,,58.1
London,E12000007,Region,2020-04-02,1024.0,,,12094,,,135.8
East of England,E12000006,Region,2020-04-02,365.0,,,3316,,,53.5
West Midlands,E12000005,Region,2020-04-02,447.0,,,4686,,,79.4
East Midlands,E12000004,Region,2020-04-02,213.0,,,2506,,,52.2
Yorkshire and The Humber,E12000003,Region,2020-04-02,242.0,,,2867,,,52.3
North West,E12000002,Region,2020-04-02,679.0,,,5237,,,71.8
North East,E12000001,Region,2020-04-02,219.0,,,1706,,,64.2
South West,E12000009,Region,2020-04-01,183.0,,,1568,,,28.0
South East,E12000008,Region,2020-04-01,545.0,,,4824,,,52.8
London,E12000007,Region,2020-04-01,962.0,,,11070,,,124.3
East of England,E12000006,Region,2020-04-01,332.0,,,2951,,,47.6
West Midlands,E12000005,Region,2020-04-01,411.0,,,4239,,,71.8
East Midlands,E12000004,Region,2020-04-01,296.0,,,2293,,,47.7
Yorkshire and The Humber,E12000003,Region,2020-04-01,298.0,,,2625,,,47.9
North West,E12000002,Region,2020-04-01,618.0,,,4558,,,62.5
North East,E12000001,Region,2020-04-01,307.0,,,1487,,,55.9
South West,E12000009,Region,2020-03-31,140.0,,,1385,,,24.7
South East,E12000008,Region,2020-03-31,467.0,,,4279,,,46.8
London,E12000007,Region,2020-03-31,915.0,,,10108,,,113.5
East of England,E12000006,Region,2020-03-31,322.0,,,2619,,,42.2
West Midlands,E12000005,Region,2020-03-31,413.0,,,3828,,,64.9
East Midlands,E12000004,Region,2020-03-31,276.0,,,1997,,,41.6
Yorkshire and The Humber,E12000003,Region,2020-03-31,320.0,,,2327,,,42.5
North West,E12000002,Region,2020-03-31,556.0,,,3940,,,54.0
North East,E12000001,Region,2020-03-31,211.0,,,1180,,,44.4
South West,E12000009,Region,2020-03-30,163.0,,,1245,,,22.2
South East,E12000008,Region,2020-03-30,475.0,,,3812,,,41.7
London,E12000007,Region,2020-03-30,844.0,,,9193,,,103.2
East of England,E12000006,Region,2020-03-30,300.0,,,2297,,,37.0
West Midlands,E12000005,Region,2020-03-30,430.0,,,3415,,,57.9
East Midlands,E12000004,Region,2020-03-30,207.0,,,1721,,,35.8
Yorkshire and The Humber,E12000003,Region,2020-03-30,285.0,,,2007,,,36.6
North West,E12000002,Region,2020-03-30,506.0,,,3384,,,46.4
North East,E12000001,Region,2020-03-30,176.0,,,969,,,36.5
South West,E12000009,Region,2020-03-29,100.0,,,1082,,,19.3
South East,E12000008,Region,2020-03-29,294.0,,,3337,,,36.5
London,E12000007,Region,2020-03-29,593.0,,,8349,,,93.7
East of England,E12000006,Region,2020-03-29,209.0,,,1997,,,32.2
West Midlands,E12000005,Region,2020-03-29,364.0,,,2985,,,50.6
East Midlands,E12000004,Region,2020-03-29,129.0,,,1514,,,31.5
Yorkshire and The Humber,E12000003,Region,2020-03-29,230.0,,,1722,,,31.4
North West,E12000002,Region,2020-03-29,359.0,,,2878,,,39.5
North East,E12000001,Region,2020-03-29,107.0,,,793,,,29.8
South West,E12000009,Region,2020-03-28,102.0,,,982,,,17.5
South East,E12000008,Region,2020-03-28,337.0,,,3043,,,33.3
London,E12000007,Region,2020-03-28,577.0,,,7756,,,87.1
East of England,E12000006,Region,2020-03-28,183.0,,,1788,,,28.8
West Midlands,E12000005,Region,2020-03-28,323.0,,,2621,,,44.4
East Midlands,E12000004,Region,2020-03-28,159.0,,,1385,,,28.8
Yorkshire and The Humber,E12000003,Region,2020-03-28,206.0,,,1492,,,27.2
North West,E12000002,Region,2020-03-28,321.0,,,2519,,,34.5
North East,E12000001,Region,2020-03-28,113.0,,,686,,,25.8
South West,E12000009,Region,2020-03-27,129.0,,,880,,,15.7
South East,E12000008,Region,2020-03-27,331.0,,,2706,,,29.6
London,E12000007,Region,2020-03-27,819.0,,,7179,,,80.6
East of England,E12000006,Region,2020-03-27,244.0,,,1605,,,25.9
West Midlands,E12000005,Region,2020-03-27,279.0,,,2298,,,38.9
East Midlands,E12000004,Region,2020-03-27,136.0,,,1226,,,25.5
Yorkshire and The Humber,E12000003,Region,2020-03-27,153.0,,,1286,,,23.5
North West,E12000002,Region,2020-03-27,333.0,,,2198,,,30.1
North East,E12000001,Region,2020-03-27,102.0,,,573,,,21.6
South West,E12000009,Region,2020-03-26,118.0,,,751,,,13.4
South East,E12000008,Region,2020-03-26,319.0,,,2375,,,26.0
London,E12000007,Region,2020-03-26,762.0,,,6360,,,71.4
East of England,E12000006,Region,2020-03-26,215.0,,,1361,,,21.9
West Midlands,E12000005,Region,2020-03-26,313.0,,,2019,,,34.2
East Midlands,E12000004,Region,2020-03-26,154.0,,,1090,,,22.7
Yorkshire and The Humber,E12000003,Region,2020-03-26,179.0,,,1133,,,20.7
North West,E12000002,Region,2020-03-26,357.0,,,1865,,,25.6
North East,E12000001,Region,2020-03-26,97.0,,,471,,,17.7
South West,E12000009,Region,2020-03-25,104.0,,,633,,,11.3
South East,E12000008,Region,2020-03-25,305.0,,,2056,,,22.5
London,E12000007,Region,2020-03-25,756.0,,,5598,,,62.8
East of England,E12000006,Region,2020-03-25,188.0,,,1146,,,18.5
West Midlands,E12000005,Region,2020-03-25,240.0,,,1706,,,28.9
East Midlands,E12000004,Region,2020-03-25,116.0,,,936,,,19.5
Yorkshire and The Humber,E12000003,Region,2020-03-25,151.0,,,954,,,17.4
North West,E12000002,Region,2020-03-25,256.0,,,1508,,,20.7
North East,E12000001,Region,2020-03-25,76.0,,,374,,,14.1
South West,E12000009,Region,2020-03-24,68.0,,,529,,,9.4
South East,E12000008,Region,2020-03-24,235.0,,,1751,,,19.2
London,E12000007,Region,2020-03-24,636.0,,,4842,,,54.4
East of England,E12000006,Region,2020-03-24,165.0,,,958,,,15.4
West Midlands,E12000005,Region,2020-03-24,250.0,,,1466,,,24.8
East Midlands,E12000004,Region,2020-03-24,136.0,,,820,,,17.1
Yorkshire and The Humber,E12000003,Region,2020-03-24,156.0,,,803,,,14.7
North West,E12000002,Region,2020-03-24,255.0,,,1252,,,17.2
North East,E12000001,Region,2020-03-24,76.0,,,298,,,11.2
South West,E12000009,Region,2020-03-23,62.0,,,461,,,8.2
South East,E12000008,Region,2020-03-23,280.0,,,1516,,,16.6
London,E12000007,Region,2020-03-23,687.0,,,4206,,,47.2
East of England,E12000006,Region,2020-03-23,197.0,,,793,,,12.8
West Midlands,E12000005,Region,2020-03-23,239.0,,,1216,,,20.6
East Midlands,E12000004,Region,2020-03-23,117.0,,,684,,,14.2
Yorkshire and The Humber,E12000003,Region,2020-03-23,145.0,,,647,,,11.8
North West,E12000002,Region,2020-03-23,176.0,,,997,,,13.7
North East,E12000001,Region,2020-03-23,58.0,,,222,,,8.4
South West,E12000009,Region,2020-03-22,44.0,,,399,,,7.1
South East,E12000008,Region,2020-03-22,170.0,,,1236,,,13.5
London,E12000007,Region,2020-03-22,436.0,,,3519,,,39.5
East of England,E12000006,Region,2020-03-22,90.0,,,596,,,9.6
West Midlands,E12000005,Region,2020-03-22,111.0,,,977,,,16.6
East Midlands,E12000004,Region,2020-03-22,99.0,,,567,,,11.8
Yorkshire and The Humber,E12000003,Region,2020-03-22,94.0,,,502,,,9.2
North West,E12000002,Region,2020-03-22,117.0,,,821,,,11.3
North East,E12000001,Region,2020-03-22,20.0,,,164,,,6.2
South West,E12000009,Region,2020-03-21,42.0,,,355,,,6.3
South East,E12000008,Region,2020-03-21,129.0,,,1066,,,11.7
London,E12000007,Region,2020-03-21,350.0,,,3083,,,34.6
East of England,E12000006,Region,2020-03-21,77.0,,,506,,,8.2
West Midlands,E12000005,Region,2020-03-21,125.0,,,866,,,14.7
East Midlands,E12000004,Region,2020-03-21,69.0,,,468,,,9.7
Yorkshire and The Humber,E12000003,Region,2020-03-21,77.0,,,408,,,7.4
North West,E12000002,Region,2020-03-21,114.0,,,704,,,9.7
North East,E12000001,Region,2020-03-21,23.0,,,144,,,5.4
South West,E12000009,Region,2020-03-20,43.0,,,313,,,5.6
South East,E12000008,Region,2020-03-20,126.0,,,937,,,10.3
London,E12000007,Region,2020-03-20,426.0,,,2733,,,30.7
East of England,E12000006,Region,2020-03-20,69.0,,,429,,,6.9
West Midlands,E12000005,Region,2020-03-20,151.0,,,741,,,12.6
East Midlands,E12000004,Region,2020-03-20,53.0,,,399,,,8.3
Yorkshire and The Humber,E12000003,Region,2020-03-20,59.0,,,331,,,6.0
North West,E12000002,Region,2020-03-20,82.0,,,590,,,8.1
North East,E12000001,Region,2020-03-20,26.0,,,121,,,4.6
South West,E12000009,Region,2020-03-19,21.0,,,270,,,4.8
South East,E12000008,Region,2020-03-19,126.0,,,811,,,8.9
London,E12000007,Region,2020-03-19,333.0,,,2307,,,25.9
East of England,E12000006,Region,2020-03-19,56.0,,,360,,,5.8
West Midlands,E12000005,Region,2020-03-19,123.0,,,590,,,10.0
East Midlands,E12000004,Region,2020-03-19,66.0,,,346,,,7.2
Yorkshire and The Humber,E12000003,Region,2020-03-19,55.0,,,272,,,5.0
North West,E12000002,Region,2020-03-19,98.0,,,508,,,7.0
North East,E12000001,Region,2020-03-19,19.0,,,95,,,3.6
South West,E12000009,Region,2020-03-18,43.0,,,249,,,4.4
South East,E12000008,Region,2020-03-18,122.0,,,685,,,7.5
London,E12000007,Region,2020-03-18,356.0,,,1974,,,22.2
East of England,E12000006,Region,2020-03-18,74.0,,,304,,,4.9
West Midlands,E12000005,Region,2020-03-18,99.0,,,467,,,7.9
East Midlands,E12000004,Region,2020-03-18,49.0,,,280,,,5.8
Yorkshire and The Humber,E12000003,Region,2020-03-18,46.0,,,217,,,4.0
North West,E12000002,Region,2020-03-18,84.0,,,410,,,5.6
North East,E12000001,Region,2020-03-18,14.0,,,76,,,2.9
South West,E12000009,Region,2020-03-17,21.0,,,206,,,3.7
South East,E12000008,Region,2020-03-17,89.0,,,563,,,6.2
London,E12000007,Region,2020-03-17,310.0,,,1618,,,18.2
East of England,E12000006,Region,2020-03-17,38.0,,,230,,,3.7
West Midlands,E12000005,Region,2020-03-17,69.0,,,368,,,6.2
East Midlands,E12000004,Region,2020-03-17,33.0,,,231,,,4.8
Yorkshire and The Humber,E12000003,Region,2020-03-17,31.0,,,171,,,3.1
North West,E12000002,Region,2020-03-17,55.0,,,326,,,4.5
North East,E12000001,Region,2020-03-17,16.0,,,62,,,2.3
South West,E12000009,Region,2020-03-16,18.0,,,185,,,3.3
South East,E12000008,Region,2020-03-16,78.0,,,474,,,5.2
London,E12000007,Region,2020-03-16,234.0,,,1308,,,14.7
East of England,E12000006,Region,2020-03-16,22.0,,,192,,,3.1
West Midlands,E12000005,Region,2020-03-16,56.0,,,299,,,5.1
East Midlands,E12000004,Region,2020-03-16,34.0,,,198,,,4.1
Yorkshire and The Humber,E12000003,Region,2020-03-16,28.0,,,140,,,2.6
North West,E12000002,Region,2020-03-16,56.0,,,271,,,3.7
North East,E12000001,Region,2020-03-16,7.0,,,46,,,1.7
South West,E12000009,Region,2020-03-15,17.0,,,167,,,3.0
South East,E12000008,Region,2020-03-15,53.0,,,396,,,4.3
London,E12000007,Region,2020-03-15,165.0,,,1074,,,12.1
East of England,E12000006,Region,2020-03-15,35.0,,,170,,,2.7
West Midlands,E12000005,Region,2020-03-15,44.0,,,243,,,4.1
East Midlands,E12000004,Region,2020-03-15,26.0,,,164,,,3.4
Yorkshire and The Humber,E12000003,Region,2020-03-15,10.0,,,112,,,2.0
North West,E12000002,Region,2020-03-15,23.0,,,215,,,2.9
North East,E12000001,Region,2020-03-15,10.0,,,39,,,1.5
South West,E12000009,Region,2020-03-14,12.0,,,150,,,2.7
South East,E12000008,Region,2020-03-14,41.0,,,343,,,3.8
London,E12000007,Region,2020-03-14,149.0,,,909,,,10.2
East of England,E12000006,Region,2020-03-14,16.0,,,135,,,2.2
West Midlands,E12000005,Region,2020-03-14,31.0,,,199,,,3.4
East Midlands,E12000004,Region,2020-03-14,19.0,,,138,,,2.9
Yorkshire and The Humber,E12000003,Region,2020-03-14,12.0,,,102,,,1.9
North West,E12000002,Region,2020-03-14,25.0,,,192,,,2.6
North East,E12000001,Region,2020-03-14,6.0,,,29,,,1.1
South West,E12000009,Region,2020-03-13,31.0,,,138,,,2.5
South East,E12000008,Region,2020-03-13,52.0,,,302,,,3.3
London,E12000007,Region,2020-03-13,136.0,,,760,,,8.5
East of England,E12000006,Region,2020-03-13,37.0,,,119,,,1.9
West Midlands,E12000005,Region,2020-03-13,40.0,,,168,,,2.8
East Midlands,E12000004,Region,2020-03-13,22.0,,,119,,,2.5
Yorkshire and The Humber,E12000003,Region,2020-03-13,12.0,,,90,,,1.6
North West,E12000002,Region,2020-03-13,41.0,,,167,,,2.3
North East,E12000001,Region,2020-03-13,6.0,,,23,,,0.9
South West,E12000009,Region,2020-03-12,24.0,,,107,,,1.9
South East,E12000008,Region,2020-03-12,78.0,,,250,,,2.7
London,E12000007,Region,2020-03-12,165.0,,,624,,,7.0
East of England,E12000006,Region,2020-03-12,18.0,,,82,,,1.3
West Midlands,E12000005,Region,2020-03-12,45.0,,,128,,,2.2
East Midlands,E12000004,Region,2020-03-12,18.0,,,97,,,2.0
Yorkshire and The Humber,E12000003,Region,2020-03-12,14.0,,,78,,,1.4
North West,E12000002,Region,2020-03-12,40.0,,,126,,,1.7
North East,E12000001,Region,2020-03-12,2.0,,,17,,,0.6
South West,E12000009,Region,2020-03-11,19.0,,,83,,,1.5
South East,E12000008,Region,2020-03-11,46.0,,,172,,,1.9
London,E12000007,Region,2020-03-11,183.0,,,459,,,5.2
East of England,E12000006,Region,2020-03-11,14.0,,,64,,,1.0
West Midlands,E12000005,Region,2020-03-11,29.0,,,83,,,1.4
East Midlands,E12000004,Region,2020-03-11,25.0,,,79,,,1.6
Yorkshire and The Humber,E12000003,Region,2020-03-11,10.0,,,64,,,1.2
North West,E12000002,Region,2020-03-11,17.0,,,86,,,1.2
North East,E12000001,Region,2020-03-11,1.0,,,15,,,0.6
South West,E12000009,Region,2020-03-10,10.0,,,64,,,1.1
South East,E12000008,Region,2020-03-10,34.0,,,126,,,1.4
London,E12000007,Region,2020-03-10,91.0,,,276,,,3.1
East of England,E12000006,Region,2020-03-10,16.0,,,50,,,0.8
West Midlands,E12000005,Region,2020-03-10,17.0,,,54,,,0.9
East Midlands,E12000004,Region,2020-03-10,12.0,,,54,,,1.1
Yorkshire and The Humber,E12000003,Region,2020-03-10,18.0,,,54,,,1.0
North West,E12000002,Region,2020-03-10,15.0,,,69,,,0.9
North East,E12000001,Region,2020-03-10,4.0,,,14,,,0.5
South West,E12000009,Region,2020-03-09,5.0,,,54,,,1.0
South East,E12000008,Region,2020-03-09,24.0,,,92,,,1.0
London,E12000007,Region,2020-03-09,53.0,,,185,,,2.1
East of England,E12000006,Region,2020-03-09,4.0,,,34,,,0.5
West Midlands,E12000005,Region,2020-03-09,8.0,,,37,,,0.6
East Midlands,E12000004,Region,2020-03-09,10.0,,,42,,,0.9
Yorkshire and The Humber,E12000003,Region,2020-03-09,7.0,,,36,,,0.7
North West,E12000002,Region,2020-03-09,7.0,,,54,,,0.7
North East,E12000001,Region,2020-03-09,3.0,,,10,,,0.4
South West,E12000009,Region,2020-03-08,3.0,,,49,,,0.9
South East,E12000008,Region,2020-03-08,10.0,,,68,,,0.7
London,E12000007,Region,2020-03-08,22.0,,,132,,,1.5
East of England,E12000006,Region,2020-03-08,2.0,,,30,,,0.5
West Midlands,E12000005,Region,2020-03-08,4.0,,,29,,,0.5
East Midlands,E12000004,Region,2020-03-08,1.0,,,32,,,0.7
Yorkshire and The Humber,E12000003,Region,2020-03-08,3.0,,,29,,,0.5
North West,E12000002,Region,2020-03-08,5.0,,,47,,,0.6
South West,E12000009,Region,2020-03-07,2.0,,,46,,,0.8
South East,E12000008,Region,2020-03-07,4.0,,,58,,,0.6
London,E12000007,Region,2020-03-07,14.0,,,110,,,1.2
East of England,E12000006,Region,2020-03-07,3.0,,,28,,,0.5
West Midlands,E12000005,Region,2020-03-07,5.0,,,25,,,0.4
East Midlands,E12000004,Region,2020-03-07,4.0,,,31,,,0.6
Yorkshire and The Humber,E12000003,Region,2020-03-07,5.0,,,26,,,0.5
North West,E12000002,Region,2020-03-07,6.0,,,42,,,0.6
North East,E12000001,Region,2020-03-07,2.0,,,7,,,0.3
South West,E12000009,Region,2020-03-06,11.0,,,44,,,0.8
South East,E12000008,Region,2020-03-06,16.0,,,54,,,0.6
London,E12000007,Region,2020-03-06,23.0,,,96,,,1.1
East of England,E12000006,Region,2020-03-06,5.0,,,25,,,0.4
West Midlands,E12000005,Region,2020-03-06,2.0,,,20,,,0.3
East Midlands,E12000004,Region,2020-03-06,7.0,,,27,,,0.6
Yorkshire and The Humber,E12000003,Region,2020-03-06,2.0,,,21,,,0.4
North West,E12000002,Region,2020-03-06,2.0,,,36,,,0.5
North East,E12000001,Region,2020-03-06,1.0,,,5,,,0.2
South West,E12000009,Region,2020-03-05,4.0,,,33,,,0.6
South East,E12000008,Region,2020-03-05,4.0,,,38,,,0.4
London,E12000007,Region,2020-03-05,14.0,,,73,,,0.8
East of England,E12000006,Region,2020-03-05,1.0,,,20,,,0.3
West Midlands,E12000005,Region,2020-03-05,6.0,,,18,,,0.3
East Midlands,E12000004,Region,2020-03-05,3.0,,,20,,,0.4
Yorkshire and The Humber,E12000003,Region,2020-03-05,2.0,,,19,,,0.3
North West,E12000002,Region,2020-03-05,10.0,,,34,,,0.5
North East,E12000001,Region,2020-03-05,2.0,,,4,,,0.2
South West,E12000009,Region,2020-03-04,6.0,,,29,,,0.5
South East,E12000008,Region,2020-03-04,7.0,,,34,,,0.4
London,E12000007,Region,2020-03-04,18.0,,,59,,,0.7
East of England,E12000006,Region,2020-03-04,7.0,,,19,,,0.3
West Midlands,E12000005,Region,2020-03-04,3.0,,,12,,,0.2
East Midlands,E12000004,Region,2020-03-04,2.0,,,17,,,0.4
Yorkshire and The Humber,E12000003,Region,2020-03-04,2.0,,,17,,,0.3
North West,E12000002,Region,2020-03-04,2.0,,,24,,,0.3
North East,E12000001,Region,2020-03-04,1.0,,,2,,,0.1
South West,E12000009,Region,2020-03-03,10.0,,,23,,,0.4
South East,E12000008,Region,2020-03-03,9.0,,,27,,,0.3
London,E12000007,Region,2020-03-03,6.0,,,41,,,0.5
East of England,E12000006,Region,2020-03-03,7.0,,,12,,,0.2
West Midlands,E12000005,Region,2020-03-03,1.0,,,9,,,0.2
East Midlands,E12000004,Region,2020-03-03,7.0,,,15,,,0.3
Yorkshire and The Humber,E12000003,Region,2020-03-03,3.0,,,15,,,0.3
North West,E12000002,Region,2020-03-03,7.0,,,22,,,0.3
South West,E12000009,Region,2020-03-02,8.0,,,13,,,0.2
South East,E12000008,Region,2020-03-02,1.0,,,18,,,0.2
London,E12000007,Region,2020-03-02,12.0,,,35,,,0.4
West Midlands,E12000005,Region,2020-03-02,4.0,,,8,,,0.1
East Midlands,E12000004,Region,2020-03-02,2.0,,,8,,,0.2
Yorkshire and The Humber,E12000003,Region,2020-03-02,3.0,,,12,,,0.2
North West,E12000002,Region,2020-03-02,6.0,,,15,,,0.2
North East,E12000001,Region,2020-03-02,1.0,,,1,,,0.0
South West,E12000009,Region,2020-03-01,2.0,,,5,,,0.1
South East,E12000008,Region,2020-03-01,3.0,,,17,,,0.2
London,E12000007,Region,2020-03-01,8.0,,,23,,,0.3
East of England,E12000006,Region,2020-03-01,3.0,,,5,,,0.1
West Midlands,E12000005,Region,2020-03-01,2.0,,,4,,,0.1
East Midlands,E12000004,Region,2020-03-01,1.0,,,6,,,0.1
Yorkshire and The Humber,E12000003,Region,2020-03-01,4.0,,,9,,,0.2
North West,E12000002,Region,2020-03-01,8.0,,,9,,,0.1
London,E12000007,Region,2020-02-29,1.0,,,15,,,0.2
East Midlands,E12000004,Region,2020-02-29,1.0,,,5,,,0.1
Yorkshire and The Humber,E12000003,Region,2020-02-29,1.0,,,5,,,0.1
South East,E12000008,Region,2020-02-28,1.0,,,14,,,0.2
London,E12000007,Region,2020-02-28,5.0,,,14,,,0.2
East of England,E12000006,Region,2020-02-28,1.0,,,2,,,0.0
East Midlands,E12000004,Region,2020-02-28,1.0,,,4,,,0.1
Yorkshire and The Humber,E12000003,Region,2020-02-28,2.0,,,4,,,0.1
North West,E12000002,Region,2020-02-28,1.0,,,1,,,0.0
South East,E12000008,Region,2020-02-27,3.0,,,13,,,0.1
London,E12000007,Region,2020-02-27,1.0,,,9,,,0.1
East Midlands,E12000004,Region,2020-02-27,1.0,,,3,,,0.1
South West,E12000009,Region,2020-02-26,1.0,,,3,,,0.1
South East,E12000008,Region,2020-02-25,1.0,,,10,,,0.1
London,E12000007,Region,2020-02-25,2.0,,,8,,,0.1
East Midlands,E12000004,Region,2020-02-25,1.0,,,2,,,0.0
South East,E12000008,Region,2020-02-24,1.0,,,9,,,0.1
South East,E12000008,Region,2020-02-23,1.0,,,8,,,0.1
London,E12000007,Region,2020-02-23,2.0,,,6,,,0.1
West Midlands,E12000005,Region,2020-02-23,1.0,,,2,,,0.0
East Midlands,E12000004,Region,2020-02-21,1.0,,,1,,,0.0
London,E12000007,Region,2020-02-19,1.0,,,4,,,0.0
London,E12000007,Region,2020-02-17,1.0,,,3,,,0.0
London,E12000007,Region,2020-02-13,1.0,,,2,,,0.0
West Midlands,E12000005,Region,2020-02-12,1.0,,,1,,,0.0
London,E12000007,Region,2020-02-11,1.0,,,1,,,0.0
South East,E12000008,Region,2020-02-09,1.0,,,7,,,0.1
South East,E12000008,Region,2020-02-08,3.0,,,6,,,0.1
South East,E12000008,Region,2020-02-05,1.0,,,3,,,0.0
South West,E12000009,Region,2020-02-03,2.0,,,2,,,0.0
South East,E12000008,Region,2020-02-03,1.0,,,2,,,0.0
East of England,E12000006,Region,2020-02-03,1.0,,,1,,,0.0
Yorkshire and The Humber,E12000003,Region,2020-02-03,1.0,,,2,,,0.0
South East,E12000008,Region,2020-01-31,1.0,,,1,,,0.0
Yorkshire and The Humber,E12000003,Region,2020-01-30,1.0,,,1,,,0.0
